Ad Group,Keyword,Campaign,Criterion Type
sofas,sofas buy,SEM_Sofas,Exact
sofas,sofas cheap,SEM_Sofas,Exact
sofas,sofas price,SEM_Sofas,Exact
sofas,sofas discount,SEM_Sofas,Exact
sofas,sofas promotion,SEM_Sofas,Exact
sofas,sofas promo,SEM_Sofas,Exact
sofas,sofas shop,SEM_Sofas,Exact
convertible sofas,convertible sofas buy,SEM_Sofas,Exact
convertible sofas,convertible sofas cheap,SEM_Sofas,Exact
convertible sofas,convertible sofas price,SEM_Sofas,Exact
convertible sofas,convertible sofas discount,SEM_Sofas,Exact
convertible sofas,convertible sofas promotion,SEM_Sofas,Exact
convertible sofas,convertible sofas promo,SEM_Sofas,Exact
convertible sofas,convertible sofas shop,SEM_Sofas,Exact
love seats,love seats buy,SEM_Sofas,Exact
love seats,love seats cheap,SEM_Sofas,Exact
love seats,love seats price,SEM_Sofas,Exact
love seats,love seats discount,SEM_Sofas,Exact
love seats,love seats promotion,SEM_Sofas,Exact
love seats,love seats promo,SEM_Sofas,Exact
love seats,love seats shop,SEM_Sofas,Exact
recliners,recliners buy,SEM_Sofas,Exact
recliners,recliners cheap,SEM_Sofas,Exact
recliners,recliners price,SEM_Sofas,Exact
recliners,recliners discount,SEM_Sofas,Exact
recliners,recliners promotion,SEM_Sofas,Exact
recliners,recliners promo,SEM_Sofas,Exact
recliners,recliners shop,SEM_Sofas,Exact
sofa beds,sofa beds buy,SEM_Sofas,Exact
sofa beds,sofa beds cheap,SEM_Sofas,Exact
sofa beds,sofa beds price,SEM_Sofas,Exact
sofa beds,sofa beds discount,SEM_Sofas,Exact
sofa beds,sofa beds promotion,SEM_Sofas,Exact
sofa beds,sofa beds promo,SEM_Sofas,Exact
sofa beds,sofa beds shop,SEM_Sofas,Exact
sofas,sofas buy,SEM_Sofas,Phrase
sofas,sofas cheap,SEM_Sofas,Phrase
sofas,sofas price,SEM_Sofas,Phrase
sofas,sofas discount,SEM_Sofas,Phrase
sofas,sofas promotion,SEM_Sofas,Phrase
sofas,sofas promo,SEM_Sofas,Phrase
sofas,sofas shop,SEM_Sofas,Phrase
convertible sofas,convertible sofas buy,SEM_Sofas,Phrase
convertible sofas,convertible sofas cheap,SEM_Sofas,Phrase
convertible sofas,convertible sofas price,SEM_Sofas,Phrase
convertible sofas,convertible sofas discount,SEM_Sofas,Phrase
convertible sofas,convertible sofas promotion,SEM_Sofas,Phrase
convertible sofas,convertible sofas promo,SEM_Sofas,Phrase
convertible sofas,convertible sofas shop,SEM_Sofas,Phrase
love seats,love seats buy,SEM_Sofas,Phrase
love seats,love seats cheap,SEM_Sofas,Phrase
love seats,love seats price,SEM_Sofas,Phrase
love seats,love seats discount,SEM_Sofas,Phrase
love seats,love seats promotion,SEM_Sofas,Phrase
love seats,love seats promo,SEM_Sofas,Phrase
love seats,love seats shop,SEM_Sofas,Phrase
recliners,recliners buy,SEM_Sofas,Phrase
recliners,recliners cheap,SEM_Sofas,Phrase
recliners,recliners price,SEM_Sofas,Phrase
recliners,recliners discount,SEM_Sofas,Phrase
recliners,recliners promotion,SEM_Sofas,Phrase
recliners,recliners promo,SEM_Sofas,Phrase
recliners,recliners shop,SEM_Sofas,Phrase
sofa beds,sofa beds buy,SEM_Sofas,Phrase
sofa beds,sofa beds cheap,SEM_Sofas,Phrase
sofa beds,sofa beds price,SEM_Sofas,Phrase
sofa beds,sofa beds discount,SEM_Sofas,Phrase
sofa beds,sofa beds promotion,SEM_Sofas,Phrase
sofa beds,sofa beds promo,SEM_Sofas,Phrase
sofa beds,sofa beds shop,SEM_Sofas,Phrase
